time,cpu,ram,net_down,net_up
12:00:20,12.5,57.1,9611.551004831339,18520.038801179286
